{
  "COMPOUND_HEAT_DRY_next": {
    "TMAX": 0.03621682582526903,
    "SNWD": 0.009841391873763261,
    "SNOW": 0.0010145859073754093,
    "PRCP": -0.004731971058984541
  },
  "COMPOUND_THAW_FREEZE_next": {
    "TMAX": 0.021936503239663535,
    "SNWD": 0.007897851603727413,
    "SNOW": 0.0023689785491013693,
    "PRCP": -0.0009174911415116005
  },
  "COMPOUND_RAIN_ON_SNOW_next": {
    "TMAX": 0.021023914894023114,
    "SNWD": 0.006584715219698542,
    "SNOW": -0.0011963832773025374,
    "PRCP": 0.002187449013989033
  },
  "COMPOUND_BACK2BACK_RAIN_next": {
    "TMAX": 0.007882020035904713,
    "SNWD": -0.0018474462105042,
    "SNOW": -0.00992160213788612,
    "PRCP": 0.025618331309581688
  }
}